{"cameraMode":{"drawMode":0,"name":"Shaded","section":"Shading Mode"},"sceneLighting":false,"audioPlay":false,"sceneViewState":{"showFog":true,"showMaterialUpdate":false,"showSkybox":true,"showFlares":true,"showImageEffects":true,"showParticleSystems":true},"in2DMode":false,"pivot":{"x":-0.5428304672241211,"y":4.692645072937012,"z":-0.5022697448730469},"rotation":{"x":-0.20416925847530366,"y":-0.6380740404129028,"z":0.18094170093536378,"w":-0.7200254201889038},"size":9.565962791442871,"orthographic":false}