{"cameraMode":{"drawMode":0,"name":"Shaded","section":"Shading Mode"},"sceneLighting":false,"audioPlay":false,"sceneViewState":{"showFog":true,"showMaterialUpdate":false,"showSkybox":true,"showFlares":true,"showImageEffects":true,"showParticleSystems":true},"in2DMode":false,"pivot":{"x":-0.15401554107666017,"y":2.6421518325805666,"z":-0.11139345169067383},"rotation":{"x":0.04388529062271118,"y":-0.9554747939109802,"z":0.22352705895900727,"w":0.1875571608543396},"size":13.64869213104248,"orthographic":false}