{"cameraMode":{"drawMode":0,"name":"Shaded","section":"Shading Mode"},"sceneLighting":true,"audioPlay":false,"sceneViewState":{"showFog":true,"showMaterialUpdate":false,"showSkybox":true,"showFlares":true,"showImageEffects":true,"showParticleSystems":true},"in2DMode":false,"pivot":{"x":29.079221725463868,"y":0.4506511688232422,"z":28.76128387451172},"rotation":{"x":-0.17683729529380799,"y":-0.5215260982513428,"z":0.11150672286748886,"w":-0.8272275924682617},"size":9.06227970123291,"orthographic":false}