{"cameraMode":{"drawMode":0,"name":"Shaded","section":"Shading Mode"},"sceneLighting":false,"audioPlay":false,"sceneViewState":{"showFog":true,"showMaterialUpdate":false,"showSkybox":true,"showFlares":true,"showImageEffects":true,"showParticleSystems":true},"in2DMode":false,"pivot":{"x":17.24966812133789,"y":7.096992492675781,"z":27.063034057617189},"rotation":{"x":-0.37298688292503359,"y":-0.06147339195013046,"z":0.024781672284007074,"w":-0.9254662990570068},"size":22.696582794189454,"orthographic":false}