{"cameraMode":{"drawMode":0,"name":"Shaded","section":"Shading Mode"},"sceneLighting":false,"audioPlay":false,"sceneViewState":{"showFog":true,"showMaterialUpdate":false,"showSkybox":true,"showFlares":true,"showImageEffects":true,"showParticleSystems":true},"in2DMode":false,"pivot":{"x":4.880000114440918,"y":35.08000183105469,"z":-5.468999862670898},"rotation":{"x":0.002014733850955963,"y":0.9979379773139954,"z":-0.05004778504371643,"w":0.0401390939950943},"size":12.905665397644043,"orthographic":false}