{"cameraMode":{"drawMode":0,"name":"Shaded","section":"Shading Mode"},"sceneLighting":true,"audioPlay":false,"sceneViewState":{"showFog":true,"showMaterialUpdate":false,"showSkybox":false,"showFlares":true,"showImageEffects":true,"showParticleSystems":true},"in2DMode":false,"pivot":{"x":1.242518424987793,"y":-3.2351837158203127,"z":-16.496173858642579},"rotation":{"x":0.006929323077201843,"y":-0.9883814454078674,"z":0.04748827591538429,"w":0.1442185342311859},"size":11.762571334838868,"orthographic":false}