{"cameraMode":{"drawMode":0,"name":"Shaded","section":"Shading Mode"},"sceneLighting":true,"audioPlay":false,"sceneViewState":{"showFog":true,"showMaterialUpdate":false,"showSkybox":true,"showFlares":true,"showImageEffects":true,"showParticleSystems":true},"in2DMode":false,"pivot":{"x":0.0,"y":0.09000015258789063,"z":-16.51177406311035},"rotation":{"x":-0.0009696264169178903,"y":0.9918916821479797,"z":-0.1268642693758011,"w":-0.007446198258548975},"size":48.012447357177737,"orthographic":false}