{"cameraMode":{"drawMode":0,"name":"Shaded","section":"Shading Mode"},"sceneLighting":true,"audioPlay":false,"sceneViewState":{"showFog":true,"showMaterialUpdate":false,"showSkybox":true,"showFlares":true,"showImageEffects":true,"showParticleSystems":true},"in2DMode":false,"pivot":{"x":17.87397003173828,"y":19.975629806518556,"z":19.11846923828125},"rotation":{"x":-0.013755936175584793,"y":-0.974685549736023,"z":0.21418823301792146,"w":-0.06262848526239395},"size":16.227680206298829,"orthographic":false}