{"cameraMode":{"drawMode":0,"name":"Shaded","section":"Shading Mode"},"sceneLighting":false,"audioPlay":false,"sceneViewState":{"showFog":true,"showMaterialUpdate":false,"showSkybox":true,"showFlares":true,"showImageEffects":true,"showParticleSystems":true},"in2DMode":false,"pivot":{"x":-0.19570446014404298,"y":7.185937404632568,"z":-0.3245549201965332},"rotation":{"x":-0.20416925847530366,"y":-0.6380740404129028,"z":0.18094170093536378,"w":-0.7200254201889038},"size":11.596091270446778,"orthographic":false}