{"cameraMode":{"drawMode":0,"name":"Shaded","section":"Shading Mode"},"sceneLighting":false,"audioPlay":false,"sceneViewState":{"showFog":true,"showMaterialUpdate":false,"showSkybox":true,"showFlares":true,"showImageEffects":true,"showParticleSystems":true},"in2DMode":false,"pivot":{"x":-0.7625436782836914,"y":4.622993469238281,"z":0.6863811016082764},"rotation":{"x":-0.20416925847530366,"y":-0.6380740404129028,"z":0.18094170093536378,"w":-0.7200254201889038},"size":5.569277286529541,"orthographic":false}